language,folder,speaker,file,word,word_trs,word_start,word_end,phone,segment_type,phone_start,phone_end,phone_alignment,phone_quality,comment
Kapampangan,kapampangan,pam_1,pam_1_rs,ring,riŋ,19.71,20.03,r,consonant,19.71,19.83,OK,NA,
Kapampangan,kapampangan,pam_1,pam_1_rs,gagawan,ɡaɡawan,108.7721,109.4521,a,vowel,108.8321,108.8921,OK,NA,
Kapampangan,kapampangan,pam_1,pam_1_rs,brasu,brasu,126.9121,127.4421,b,consonant,126.9121,127.0321,OK,NA,
Kapampangan,kapampangan,pam_1,pam_1_rs,maka-abala,makaabala,178.4146,179.33460000000000,k,consonant,178.6646,178.7846,OK,NA,
Kapampangan,kapampangan,pam_1,pam_1_rs,maka-dagdag,makadaɡdaɡ,184.7914,185.5614,a,vowel,185.3414,185.4114,OK,NA,
Kapampangan,kapampangan,pam_1,pam_1_rs,lugar,luɡar,197.7214,198.0714,r,consonant,198.0114,198.0714,OK,NA,
Kapampangan,kapampangan,pam_1,pam_1_rs,ning,niŋ,236.9527,237.1827,ŋ,consonant,237.1027,237.1827,OK,NA,
Kapampangan,kapampangan,pam_1,pam_1_rs,ehersyu,eherʃu,254.3627,255.1727,r,consonant,254.5127,254.6727,OK,NA,
Kapampangan,kapampangan,pam_1,pam_1_rs,ye,je,259.39050000000000,259.63050000000000,e,vowel,259.5205,259.63050000000000,OK,NA,
Kapampangan,kapampangan,pam_1,pam_1_rs,pagpunta,paɡpunta,268.33050000000000,268.9305,p,consonant,268.6205,268.6705,OK,NA,
Kapampangan,kapampangan,pam_1,pam_1_rs,ampo,ampo,283.3093,283.8593,o,vowel,283.6093,283.8593,misaligned,NA,
Kapampangan,kapampangan,pam_1,pam_1_rs,maging,maɡiŋ,315.3553,315.8153,i,vowel,315.6253,315.7553,OK,NA,
Kapampangan,kapampangan,pam_1,pam_1_rs,ing,iŋ,326.5453,326.6953,i,vowel,326.5453,326.6153,OK,NA,
Kapampangan,kapampangan,pam_1,pam_1_rs,keni,keni,387.642,388.112,i,vowel,387.962,388.112,misaligned,NA,
Kapampangan,kapampangan,pam_1,pam_1_rs,kaya,kaja,399.732,400.062,a,vowel,399.792,399.822,OK,NA,
Kapampangan,kapampangan,pam_1,pam_1_rs,maswelu,maswelu,405.582,406.142,e,vowel,405.942,406.032,OK,NA,
Kapampangan,kapampangan,pam_1,pam_1_rs,bukud,bukud,454.3341,454.6641,k,consonant,454.4841,454.5241,OK,NA,
Kapampangan,kapampangan,pam_1,pam_1_rs,keng,keŋ,474.226,474.406,k,consonant,474.226,474.266,misaligned,NA,
Kapampangan,kapampangan,pam_1,pam_1_ss,ing,iŋ,28.1467,28.5167,ŋ,consonant,28.2467,28.5167,OK,NA,
Kapampangan,kapampangan,pam_1,pam_1_ss,abe,abe,68.868,69.288,e,vowel,69.138,69.288,OK,NA,
Kapampangan,kapampangan,pam_10,pam_10_rs,pinaka-mumunang,pinakamumunaŋ,18.003,18.863,a,vowel,18.163000000000000,18.223,OK,NA,
Kapampangan,kapampangan,pam_10,pam_10_rs,kompyuter,kompjuter,131.2271,131.8871,p,consonant,131.43710000000000,131.5071,OK,NA,
Kapampangan,kapampangan,pam_10,pam_10_rs,kalikasan,kalikasan,136.0871,136.7271,i,vowel,136.2271,136.2771,OK,NA,
Kapampangan,kapampangan,pam_10,pam_10_rs,biglang,biɡlaŋ,210.5884,210.9384,ɡ,consonant,210.7284,210.7884,OK,NA,
Kapampangan,kapampangan,pam_10,pam_10_rs,ma-batu,mabatu,304.2434,304.53340000000000,u,vowel,304.5034,304.53340000000000,misaligned,NA,
Kapampangan,kapampangan,pam_10,pam_10_rs,ing,iŋ,304.59340000000000,304.65340000000000,ŋ,consonant,304.6234,304.65340000000000,OK,NA,
Kapampangan,kapampangan,pam_10,pam_10_rs,isip,isip,343.36720000000000,343.7872,i,vowel,343.5972,343.69720000000000,misaligned,NA,
Kapampangan,kapampangan,pam_10,pam_10_rs,aliwaliwang,aliwaliwaŋ,347.4672,348.1072,a,vowel,347.4672,347.5172,OK,NA,
Kapampangan,kapampangan,pam_10,pam_10_rs,organisasyun,orɡanisaʃun,348.1072,348.7672,n,consonant,348.7372,348.7672,OK,NA,
Kapampangan,kapampangan,pam_10,pam_10_rs,siguradong,siɡuraduŋ,350.57720000000000,351.2072,r,consonant,350.8372,350.88720000000000,OK,NA,
Kapampangan,kapampangan,pam_10,pam_10_rs,yu,ju,352.6472,353.2072,j,consonant,352.6472,352.75720000000000,OK,NA,
Kapampangan,kapampangan,pam_10,pam_10_ss,mamalis,mamalis,36.7854,37.7354,i,vowel,37.2154,37.4154,OK,NA,
Kapampangan,kapampangan,pam_10,pam_10_ss,almusal,almusal,46.4654,47.1054,u,vowel,46.6754,46.7154,OK,NA,
Kapampangan,kapampangan,pam_10,pam_10_ss,ku,ku,83.3783,83.53830000000000,k,consonant,83.3783,83.47830000000000,OK,NA,
Kapampangan,kapampangan,pam_10,pam_10_ss,miyembru,mijembru,100.4783,101.0783,j,consonant,100.5883,100.6383,OK,NA,
Kapampangan,kapampangan,pam_10,pam_10_ss,ngeni,ŋeni,127.0448,127.3548,e,vowel,127.0848,127.2148,OK,NA,
Kapampangan,kapampangan,pam_10,pam_10_ss,gagawan,ɡaɡawan,217.36480000000000,217.8348,a,vowel,217.4148,217.4748,OK,NA,
Kapampangan,kapampangan,pam_10,pam_10_ss,na,na,259.0193,259.3393,n,consonant,259.0193,259.1093,OK,NA,
Kapampangan,kapampangan,pam_10,pam_10_ss,para,para,265.5493,265.8593,a,vowel,265.77930000000000,265.8593,OK,NA,
Kapampangan,kapampangan,pam_10,pam_10_ss,keng,keŋ,265.8593,266.3393,ŋ,consonant,266.2493,266.3393,OK,NA,
Kapampangan,kapampangan,pam_11,pam_11_rs,katawan,katawan,8.87,9.37,a,vowel,9.28,9.33,OK,NA,
Kapampangan,kapampangan,pam_11,pam_11_rs,kalawut-lawut,kalawutlawut,15.28,16.3,w,consonant,15.6,15.72,OK,NA,
Kapampangan,kapampangan,pam_11,pam_11_rs,dahil,dahil,35.1505,35.4805,i,vowel,35.3505,35.4305,misaligned,NA,
Kapampangan,kapampangan,pam_11,pam_11_rs,ring,riŋ,89.9732,90.1732,i,vowel,90.0432,90.1232,misaligned,NA,
Kapampangan,kapampangan,pam_11,pam_11_rs,bitis,bitis,110.3932,111.0632,i,vowel,110.6332,110.7932,OK,NA,
Kapampangan,kapampangan,pam_11,pam_11_rs,metung,metuŋ,153.9144,154.2344,t,consonant,154.0744,154.1544,OK,NA,
Kapampangan,kapampangan,pam_11,pam_11_rs,lalu,lalu,172.9854,173.4754,l,consonant,173.21540000000000,173.3454,OK,NA,
Kapampangan,kapampangan,pam_11,pam_11_rs,reng,reŋ,195.6434,195.9834,r,consonant,195.6434,195.7434,OK,NA,
Kapampangan,kapampangan,pam_11,pam_11_rs,minutos,minutus,209.0134,209.8034,t,consonant,209.3034,209.4134,OK,NA,
Kapampangan,kapampangan,pam_11,pam_11_rs,ukyatan,ukjatan,220.8134,221.4134,a,vowel,221.22340000000000,221.2934,OK,NA,
Kapampangan,kapampangan,pam_11,pam_11_rs,bunduk,bunduk,221.6834,222.0434,u,vowel,221.7334,221.8134,OK,NA,
Kapampangan,kapampangan,pam_11,pam_11_rs,keng,keŋ,371.5964,371.7864,k,consonant,371.5964,371.6664000000000,OK,NA,
Kapampangan,kapampangan,pam_11,pam_11_rs,magumpisang,maɡumpisaŋ,470.7704,471.4404,s,consonant,471.1604,471.3404,OK,NA,
Kapampangan,kapampangan,pam_11,pam_11_ss,yaku,jaku,29.9397,30.3897,j,consonant,29.9397,30.0297,OK,NA,
Kapampangan,kapampangan,pam_11,pam_11_ss,ing,iŋ,255.612,256.332,i,vowel,255.612,255.79200000000000,OK,NA,
Kapampangan,kapampangan,pam_11,pam_11_ss,sarili,sarili,282.6513,283.1913,s,consonant,282.6513,282.7813,OK,NA,
Kapampangan,kapampangan,pam_11,pam_11_ss,mu,mu,294.1788,294.3188,u,vowel,294.2588,294.3188,OK,NA,
Kapampangan,kapampangan,pam_11,pam_11_ss,kaya,kaja,303.9688,304.2788,a,vowel,304.0088,304.04880000000000,OK,NA,
Kapampangan,kapampangan,pam_11,pam_11_ss,pekamasanting,pekamasantiŋ,406.3179,406.9979,s,consonant,406.6579,406.7979,OK,NA,
Kapampangan,kapampangan,pam_11,pam_11_ss,karela,karela,446.7511,447.2511,e,vowel,446.9111,447.0111,OK,NA,
Kapampangan,kapampangan,pam_12,pam_12_rs,butul,butul,78.8395,79.2595,u,vowel,79.0695,79.1295,OK,NA,
Kapampangan,kapampangan,pam_12,pam_12_rs,gamitan,ɡamitan,126.2322,126.8622,m,consonant,126.3622,126.4522,OK,NA,
Kapampangan,kapampangan,pam_12,pam_12_rs,migagamit,miɡaɡamit,131.5922,132.25220000000000,i,vowel,132.1122,132.1722,OK,NA,
Kapampangan,kapampangan,pam_12,pam_12_rs,tud,tud,146.8981,147.2081,t,consonant,146.8981,147.0081,OK,NA,
Kapampangan,kapampangan,pam_12,pam_12_rs,ya,ja,160.4181,160.5581,j,consonant,160.4181,160.5281,misaligned,NA,
Kapampangan,kapampangan,pam_12,pam_12_rs,dadala,dadala,171.2781,171.7981,a,vowel,171.3781,171.4281,OK,NA,
Kapampangan,kapampangan,pam_12,pam_12_rs,na,na,192.0624,192.2624,a,vowel,192.1724,192.2624,OK,NA,
Kapampangan,kapampangan,pam_12,pam_12_rs,kayu,kaju,208.9335,209.2135,a,vowel,209.0335,209.0735,OK,NA,
Kapampangan,kapampangan,pam_12,pam_12_rs,yu,ju,218.9935,219.2435,u,vowel,219.1335,219.2435,misaligned,NA,
Kapampangan,kapampangan,pam_12,pam_12_rs,nung,nuŋ,267.9998,268.1998,u,vowel,268.0598,268.1398,OK,NA,
Kapampangan,kapampangan,pam_12,pam_12_rs,pwede,pwedi,270.27980000000000,270.4998,e,vowel,270.34980000000000,270.39980000000000,OK,NA,
Kapampangan,kapampangan,pam_12,pam_12_rs,madalas,madalas,281.3798,281.8898,a,vowel,281.4298,281.46980000000000,OK,NA,
Kapampangan,kapampangan,pam_12,pam_12_rs,lalakaran,lalakaran,302.6363,303.2963,a,vowel,302.8063,302.8763,OK,NA,
Kapampangan,kapampangan,pam_12,pam_12_rs,katawan,katawan,346.666,347.196,n,consonant,347.166,347.196,OK,NA,
Kapampangan,kapampangan,pam_12,pam_12_rs,bunduk,bunduk,377.9814,378.4714,k,consonant,378.4014,378.4714,misaligned,NA,
Kapampangan,kapampangan,pam_12,pam_12_rs,danum,danum,437.5669,437.9469,m,consonant,437.84690000000000,437.9469,OK,NA,
Kapampangan,kapampangan,pam_12,pam_12_rs,masakit,masakit,477.2024,477.7824,k,consonant,477.5624,477.6624,OK,NA,
Kapampangan,kapampangan,pam_12,pam_12_rs,makipag-bonding,makipaɡbondiŋ,486.7157,487.6257,p,consonant,486.9557,487.0257,OK,NA,
Kapampangan,kapampangan,pam_12,pam_12_rs,kayung,kajuŋ,505.2557,505.5957,j,consonant,505.3657,505.4657,OK,NA,
Kapampangan,kapampangan,pam_12,pam_12_ss,naman,naman,25.3335,25.6835,n,consonant,25.3335,25.3835,OK,NA,
Kapampangan,kapampangan,pam_13,pam_13_rs,lakaran,lakaran,18.82,19.39,a,vowel,18.9,18.95,OK,NA,
Kapampangan,kapampangan,pam_13,pam_13_rs,pamaglakad,pamaɡlakad,55.8051,56.5951,a,vowel,55.8651,55.9551,OK,NA,
Kapampangan,kapampangan,pam_13,pam_13_rs,puwede,pwedi,72.99510000000000,73.57510000000000,w,consonant,73.0451,73.0851,OK,NA,
Kapampangan,kapampangan,pam_13,pam_13_rs,koordinasyun,koordinasjun,82.6675,83.5275,a,vowel,83.0875,83.1675,OK,NA,
Kapampangan,kapampangan,pam_13,pam_13_rs,lalakaran,lalakaran,123.8278,124.5478,a,vowel,124.0178,124.0678,OK,NA,
Kapampangan,kapampangan,pam_13,pam_13_rs,presku,presku,137.38820000000000,138.0282,e,vowel,137.4882,137.57820000000000,OK,NA,
Kapampangan,kapampangan,pam_13,pam_13_rs,ya,ja,151.5282,151.7782,a,vowel,151.6282,151.7782,OK,NA,
Kapampangan,kapampangan,pam_13,pam_13_rs,ye,je,230.3117,230.4017,j,consonant,230.3117,230.3617,OK,NA,
Kapampangan,kapampangan,pam_13,pam_13_rs,aliwa,aliwa,237.2072,237.6572,w,consonant,237.4972,237.5672,OK,NA,
Kapampangan,kapampangan,pam_13,pam_13_rs,lalakaran,lalakaran,252.3572,253.0572,a,vowel,252.5272,252.5772,OK,NA,
Kapampangan,kapampangan,pam_13,pam_13_rs,pag-posisyun,paɡposiʃun,271.4319,272.2419,s,consonant,271.76190000000000,271.84190000000000,OK,NA,
Kapampangan,kapampangan,pam_13,pam_13_rs,kailangan,kaɪlaŋan,277.14190000000000,277.70190000000000,ŋ,consonant,277.5019,277.5619,OK,NA,
Kapampangan,kapampangan,pam_13,pam_13_rs,keng,keŋ,307.56830000000000,307.7483,ŋ,consonant,307.6683,307.7483,OK,NA,
Kapampangan,kapampangan,pam_13,pam_13_rs,kareng,kareŋ,317.48140000000000,317.77140000000000,k,consonant,317.48140000000000,317.5514,OK,NA,
Kapampangan,kapampangan,pam_13,pam_13_rs,kayu,kaju,345.258,345.738,j,consonant,345.348,345.468,OK,NA,
Kapampangan,kapampangan,pam_13,pam_13_ss,ing,iŋ,83.3177,83.3977,i,vowel,83.3177,83.3477,misaligned,NA,
Kapampangan,kapampangan,pam_13,pam_13_ss,ku,ku,91.1777,91.3377,u,vowel,91.2677,91.3377,OK,NA,
Kapampangan,kapampangan,pam_13,pam_13_ss,talaga,talaɡa,205.654,206.024,a,vowel,205.814,205.874,OK,NA,
Kapampangan,kapampangan,pam_13,pam_13_ss,makapagobra,makapaɡobra,219.4571,220.2371,ɡ,consonant,219.7871,219.8371,OK,NA,
Kapampangan,kapampangan,pam_13,pam_13_ss,daratang,darataŋ,309.0315,309.43150000000000,r,consonant,309.1615,309.2215,OK,NA,
Kapampangan,kapampangan,pam_14,pam_14_rs,ning,niŋ,10.5766,10.8066,ŋ,consonant,10.7266,10.8066,OK,NA,
Kapampangan,kapampangan,pam_14,pam_14_rs,ritmu,ritmu,27.8766,28.3666,t,consonant,28.1266,28.1766,misaligned,NA,
Kapampangan,kapampangan,pam_14,pam_14_rs,ini,ini,44.45,44.760000000000000,i,vowel,44.45,44.57,OK,NA,
Kapampangan,kapampangan,pam_14,pam_14_rs,gagawan,ɡaɡawan,68.6337,69.22370000000000,a,vowel,69.1037,69.1937,OK,NA,
Kapampangan,kapampangan,pam_14,pam_14_rs,sisikan,sisikan,72.7737,73.3337,a,vowel,73.2137,73.2637,OK,NA,
Kapampangan,kapampangan,pam_14,pam_14_rs,kayung,kajuŋ,75.6637,76.0537,j,consonant,75.8037,75.9037,OK,NA,
Kapampangan,kapampangan,pam_14,pam_14_rs,koordinasyun,koordinasjun,78.5537,79.6137,a,vowel,79.0537,79.1437,OK,NA,
Kapampangan,kapampangan,pam_14,pam_14_rs,la,la,111.1565,111.4165,a,vowel,111.2765,111.4165,OK,NA,
Kapampangan,kapampangan,pam_14,pam_14_rs,kaya,kaja,128.9965,129.3565,a,vowel,129.2465,129.3565,OK,NA,
Kapampangan,kapampangan,pam_14,pam_14_rs,makasanting,makasantiŋ,153.6239,154.4539,t,consonant,154.2239,154.3139,OK,NA,
Kapampangan,kapampangan,pam_14,pam_14_rs,sankan,saŋkan,190.5091,191.2091,a,vowel,190.9591,191.08910000000000,OK,NA,
Kapampangan,kapampangan,pam_14,pam_14_rs,ali,aliʔ,337.2022,337.5622,a,vowel,337.2022,337.3222,OK,NA,
Kapampangan,kapampangan,pam_14,pam_14_rs,reng,reŋ,341.8522,342.0222,ŋ,consonant,341.9622,342.0222,OK,NA,
Kapampangan,kapampangan,pam_14,pam_14_rs,danum,danum,362.1032,362.5032,n,consonant,362.2232,362.3332,OK,NA,
Kapampangan,kapampangan,pam_14,pam_14_rs,ehersisyu,ehersiʃu,391.0153,392.0153,s,consonant,391.3553,391.5453,OK,NA,
Kapampangan,kapampangan,pam_14,pam_14_rs,aldo,aldo,429.7281,430.0881,o,vowel,429.9881,430.0881,OK,NA,
Kapampangan,kapampangan,pam_14,pam_14_ss,kaibat,kaɪbat,90.5866,90.9866,a,vowel,90.8066,90.8666,OK,NA,
Kapampangan,kapampangan,pam_14,pam_14_ss,kaibat,kaɪbat,90.5866,90.9866,t,consonant,90.8666,90.9866,OK,NA,
Kapampangan,kapampangan,pam_14,pam_14_ss,para,para,91.8466,92.1066,p,consonant,91.8466,91.8966,OK,NA,
Kapampangan,kapampangan,pam_14,pam_14_ss,istu,istu,92.8966,93.1466,s,consonant,92.9366,93.0266,OK,NA,
Kapampangan,kapampangan,pam_15,pam_15_rs,mag-hiking,maɡhaɪkiŋ,28.07,28.88,m,consonant,28.07,28.11,OK,NA,
Kapampangan,kapampangan,pam_15,pam_15_rs,gamitan,ɡamitan,112.8466,113.4766,ɡ,consonant,112.8466,112.9166,OK,NA,
Kapampangan,kapampangan,pam_15,pam_15_rs,ampong,ampoŋ,119.8491,120.3491,a,vowel,119.8491,119.9591,OK,NA,
Kapampangan,kapampangan,pam_15,pam_15_rs,potang,potaŋ,121.6191,122.0691,o,vowel,121.7091,121.7991,OK,NA,
Kapampangan,kapampangan,pam_15,pam_15_rs,ampong,ampoŋ,221.9894,222.4394,a,vowel,221.9894,222.0994,misaligned,NA,
Kapampangan,kapampangan,pam_15,pam_15_rs,nung,nuŋ,291.8204,292.0304,n,consonant,291.8204,291.8804,OK,NA,
Kapampangan,kapampangan,pam_15,pam_15_rs,mag,maɡ,343.7024,343.86240000000000,m,consonant,343.7024,343.7324,OK,NA,
Kapampangan,kapampangan,pam_15,pam_15_rs,mag-ehersisyu,maɡehersiʃu,345.3724,346.4524,ɡ,consonant,345.5024,345.74240000000000,misaligned,NA,
Kapampangan,kapampangan,pam_15,pam_15_rs,yu,ju,388.9185,389.1185,j,consonant,388.9185,389.0085,OK,NA,
Kapampangan,kapampangan,pam_15,pam_15_rs,lalu,lalu,449.7401,450.2201,l,consonant,449.9301,450.0401,OK,NA,
Kapampangan,kapampangan,pam_15,pam_15_rs,mag-hiking,maɡhaɪkiŋ,472.0431,472.8631,m,consonant,472.0431,472.1031,OK,NA,
Kapampangan,kapampangan,pam_15,pam_15_ss,masakit,masakit,73.4484,73.9984,m,consonant,73.4484,73.4984,OK,NA,
Kapampangan,kapampangan,pam_15,pam_15_ss,obra,obra,145.6271,146.2571,a,vowel,146.0371,146.2571,OK,NA,
Kapampangan,kapampangan,pam_15,pam_15_ss,itang,itaŋ,162.8171,163.2071,t,consonant,162.8771,162.96710000000000,OK,NA,
Kapampangan,kapampangan,pam_15,pam_15_ss,mengan,menɡan,165.8471,166.6371,e,vowel,165.9971,166.1771,OK,NA,
Kapampangan,kapampangan,pam_15,pam_15_ss,yaku,jaku,173.9762,174.2262,a,vowel,174.05620000000000,174.1262,OK,NA,
Kapampangan,kapampangan,pam_15,pam_15_ss,lingunan,linɡunan,216.7713,217.1713,i,vowel,216.8313,216.8813,OK,NA,
Kapampangan,kapampangan,pam_15,pam_15_ss,lingunan,linɡunan,227.7813,228.17130000000000,u,vowel,227.92130000000000,227.9913,OK,NA,
Kapampangan,kapampangan,pam_15,pam_15_ss,ku,ku,252.2759,252.4859,u,vowel,252.3259,252.4859,OK,NA,
Kapampangan,kapampangan,pam_15,pam_15_ss,a,a,268.8178,269.0078,a,vowel,268.8178,269.0078,OK,NA,
Kapampangan,kapampangan,pam_16,pam_16_rs,makasikan,makasikan,39.897,40.717,n,consonant,40.607,40.717,OK,NA,
Kapampangan,kapampangan,pam_16,pam_16_rs,ampong,ampoŋ,41.867,42.357,p,consonant,42.007,42.047,OK,NA,
Kapampangan,kapampangan,pam_16,pam_16_rs,hiking,haɪkiŋ,89.5077,90.05770000000000,ŋ,consonant,89.9877,90.05770000000000,misaligned,NA,
Kapampangan,kapampangan,pam_16,pam_16_rs,migagamit,miɡaɡamit,101.8877,102.5877,ɡ,consonant,102.1377,102.1977,OK,NA,
Kapampangan,kapampangan,pam_16,pam_16_rs,tungkud,tuŋkud,120.5318,121.0018,u,vowel,120.5818,120.6818,OK,NA,
Kapampangan,kapampangan,pam_16,pam_16_rs,o,o,126.1418,126.2218,o,vowel,126.1418,126.2218,misaligned,NA,
Kapampangan,kapampangan,pam_16,pam_16_rs,masanting,masantiŋ,139.4118,140.1218,t,consonant,139.7618,139.8718,OK,NA,
Kapampangan,kapampangan,pam_16,pam_16_rs,kareng,kareŋ,152.45950000000000,152.9495,a,vowel,152.5295,152.60950000000000,OK,NA,
Kapampangan,kapampangan,pam_16,pam_16_rs,paligid,paliɡid,174.4348,175.07480000000000,a,vowel,174.5248,174.5648,misaligned,NA,
Kapampangan,kapampangan,pam_16,pam_16_rs,kareng,kareŋ,187.1048,187.3448,r,consonant,187.1648,187.1948,misaligned,NA,
Kapampangan,kapampangan,pam_16,pam_16_rs,pagpunta,paɡpunta,228.2735,228.8435,a,vowel,228.7735,228.8435,OK,NA,
Kapampangan,kapampangan,pam_16,pam_16_rs,katawan,katawan,253.8854,254.4154,a,vowel,254.2854,254.3454,OK,NA,
Kapampangan,kapampangan,pam_16,pam_16_rs,mag-dilidili,maɡdilidili,325.5641,326.3141,a,vowel,325.6241,325.6941,OK,NA,
Kapampangan,kapampangan,pam_16,pam_16_rs,kaluguran,kaluɡuran,330.3441,330.9841,n,consonant,330.9141,330.9841,OK,NA,
Kapampangan,kapampangan,pam_16,pam_16_ss,mikyasawa,mikjasawa,44.7838,45.5938,a,vowel,45.2338,45.3538,OK,NA,
Kapampangan,kapampangan,pam_16,pam_16_ss,megpabaya,meɡpabaja,58.718700000000000,59.6987,b,consonant,59.148700000000000,59.2087,OK,NA,
Kapampangan,kapampangan,pam_16,pam_16_ss,anggang,anɡɡaŋ,146.6142,147.0242,ŋ,consonant,146.9342,147.0242,OK,NA,
Kapampangan,kapampangan,pam_16,pam_16_ss,misawup-sawup,misawupsawup,204.8022,205.6422,u,vowel,205.1022,205.1822,OK,NA,
Kapampangan,kapampangan,pam_16,pam_16_ss,ating,atiŋ,228.3294,228.5594,i,vowel,228.4594,228.4994,OK,NA,
Kapampangan,kapampangan,pam_16,pam_16_ss,naman,naman,237.3196,237.5996,n,consonant,237.3196,237.3596,OK,NA,
Kapampangan,kapampangan,pam_17,pam_17_rs,pinaka-mumunang,pinakamumunaŋ,20.8048,21.7048,i,vowel,20.8548,20.9248,OK,NA,
Kapampangan,kapampangan,pam_17,pam_17_rs,yu,ju,60.5852,60.9452,u,vowel,60.6852,60.9452,OK,NA,
Kapampangan,kapampangan,pam_17,pam_17_rs,hiking,haɪkiŋ,65.2052,65.8852,i,vowel,65.6252,65.7452,OK,NA,
Kapampangan,kapampangan,pam_17,pam_17_rs,ampo,ampo,121.648,122.058,p,consonant,121.858,121.928,OK,NA,
Kapampangan,kapampangan,pam_17,pam_17_rs,lalu,lalu,128.768,129.088,a,vowel,128.828,128.908,OK,NA,
Kapampangan,kapampangan,pam_17,pam_17_rs,maka-dagdag,makadaɡdaɡ,167.19800000000000,167.908,a,vowel,167.248,167.338,OK,NA,
Kapampangan,kapampangan,pam_17,pam_17_rs,enerhiya,enerhija,231.8128,232.5628,n,consonant,231.9328,231.9728,OK,NA,
Kapampangan,kapampangan,pam_17,pam_17_rs,pag-bisikleta,paɡbisikleta,240.3028,241.3128,t,consonant,241.0428,241.1428,OK,NA,
Kapampangan,kapampangan,pam_17,pam_17_rs,katawan,katawan,263.0481,263.6981,a,vowel,263.4881,263.5381,OK,NA,
Kapampangan,kapampangan,pam_17,pam_17_rs,kailangan,kaɪlaŋan,282.9223,283.5323,a,vowel,283.39230000000000,283.4823,OK,NA,
Kapampangan,kapampangan,pam_17,pam_17_rs,gubat,ɡubat,332.3265,332.8965,b,consonant,332.5765,332.6465,OK,NA,
Kapampangan,kapampangan,pam_17,pam_17_rs,puwedi,pwedi,365.4818,365.7318,w,consonant,365.5218,365.5518,OK,NA,
Kapampangan,kapampangan,pam_17,pam_17_rs,magdala,maɡdala,367.3518,367.7718,a,vowel,367.5618,367.6118,OK,NA,
Kapampangan,kapampangan,pam_17,pam_17_rs,maswelu,maswelu,375.2018,375.6818,l,consonant,375.5718,375.6418,OK,NA,
Kapampangan,kapampangan,pam_17,pam_17_rs,ali,aliʔ,414.9756,415.2256,ʔ,consonant,415.1956,415.2256,misaligned,NA,
Kapampangan,kapampangan,pam_17,pam_17_rs,adwang,adwaŋ,434.0335,434.3435,d,consonant,434.0935,434.1735000000000,OK,NA,
Kapampangan,kapampangan,pam_17,pam_17_ss,masalese,masalese,10.5334,11.4534,a,vowel,10.7334,10.7634,OK,NA,
Kapampangan,kapampangan,pam_17,pam_17_ss,kekatamung,kekatamuŋ,59.3509,60.3709,k,consonant,59.5209,59.5909,OK,NA,
Kapampangan,kapampangan,pam_17,pam_17_ss,tamu,tamu,104.6297,105.1797,t,consonant,104.6297,104.6797,OK,NA,
Kapampangan,kapampangan,pam_17,pam_17_ss,kukwentu,kukwentu,162.83160000000000,163.5416,e,vowel,163.14160000000000,163.1916,OK,NA,
Kapampangan,kapampangan,pam_18,pam_18_rs,rin,rin,6.6088000000000000,6.928800000000000,r,consonant,6.6088000000000000,6.6988,misaligned,NA,
Kapampangan,kapampangan,pam_18,pam_18_rs,mitas,mitas,42.0835,42.4835,i,vowel,42.183500000000000,42.2535,OK,NA,
Kapampangan,kapampangan,pam_18,pam_18_rs,potang,potaŋ,101.2691,101.5791,t,consonant,101.3991,101.4691,OK,NA,
Kapampangan,kapampangan,pam_18,pam_18_rs,ing,iŋ,162.1506,162.3406,ŋ,consonant,162.26060000000000,162.3406,OK,NA,
Kapampangan,kapampangan,pam_18,pam_18_rs,malawut,malawut,204.2323,204.8123,a,vowel,204.3023,204.3623,OK,NA,
Kapampangan,kapampangan,pam_18,pam_18_rs,ing,iŋ,222.481,222.601,i,vowel,222.481,222.571,OK,NA,
Kapampangan,kapampangan,pam_18,pam_18_rs,sankan,saŋkan,227.111,227.841,n,consonant,227.611,227.841,OK,NA,
Kapampangan,kapampangan,pam_18,pam_18_rs,pag-posisyun,paɡposiʃun,320.3187,321.0987,o,vowel,320.5887,320.6287,OK,NA,
Kapampangan,kapampangan,pam_18,pam_18_rs,ing,iŋ,345.8737,346.0037,ŋ,consonant,345.9437,346.0037,misaligned,NA,
Kapampangan,kapampangan,pam_18,pam_18_rs,malagad,malaɡad,347.90370000000000,348.4837,ɡ,consonant,348.2337,348.29370000000000,OK,NA,
Kapampangan,kapampangan,pam_18,pam_18_rs,pamasayi,pamasaji,492.9932,493.6632,m,consonant,493.1032,493.1532,OK,NA,
Kapampangan,kapampangan,pam_18,pam_18_rs,adwang,adwaŋ,507.6932,508.0832,d,consonant,507.7532,507.8332,OK,NA,
Kapampangan,kapampangan,pam_18,pam_18_ss,balu,balu,18.0904,18.3704,u,vowel,18.3104,18.3704,OK,NA,
Kapampangan,kapampangan,pam_18,pam_18_ss,minsan,minsan,26.3598,27.2998,i,vowel,26.3998,26.479800000000000,misaligned,NA,
Kapampangan,kapampangan,pam_18,pam_18_ss,atsu,atʃu,32.9628,33.242800000000000,a,vowel,32.9628,33.0228,OK,NA,
Kapampangan,kapampangan,pam_18,pam_18_ss,maliliyari,malilijari,65.0036,65.5736,i,vowel,65.2136,65.2536,misaligned,NA,
Kapampangan,kapampangan,pam_18,pam_18_ss,aliwang,aliwaŋ,75.0136,75.4036,ŋ,consonant,75.3036,75.4036,OK,NA,
Kapampangan,kapampangan,pam_18,pam_18_ss,mumuna,mumuna,109.9213,110.3413,n,consonant,110.1913,110.2913,OK,NA,
Kapampangan,kapampangan,pam_18,pam_18_ss,sasabing,sasabiŋ,125.2513,125.7713,a,vowel,125.5013,125.5913,OK,NA,
Kapampangan,kapampangan,pam_18,pam_18_ss,siguru,siɡuru,232.8709,233.4309,i,vowel,232.9809,233.0509,OK,NA,
Kapampangan,kapampangan,pam_19,pam_19_rs,malagad,malaɡad,50.543,51.293,ɡ,consonant,50.883,51.013,OK,NA,
Kapampangan,kapampangan,pam_19,pam_19_rs,madalas,madalas,70.853,71.43300000000000,a,vowel,71.18300000000000,71.273,OK,NA,
Kapampangan,kapampangan,pam_19,pam_19_rs,paukyat,paʔukjat,78.5368,79.2668,j,consonant,78.9468,78.9868,OK,NA,
Kapampangan,kapampangan,pam_19,pam_19_rs,makasikan,makasikan,100.1568,101.1168,i,vowel,100.5668,100.6568,OK,NA,
Kapampangan,kapampangan,pam_19,pam_19_rs,dahil,dahil,154.59400000000000,154.97400000000000,l,consonant,154.84400000000000,154.97400000000000,OK,NA,
Kapampangan,kapampangan,pam_19,pam_19_rs,lalako,lalako,181.9365,182.4565,k,consonant,182.2065,182.2965,OK,NA,
Kapampangan,kapampangan,pam_19,pam_19_rs,kayu,kaju,204.7765,205.1165,u,vowel,205.0065,205.1165,OK,NA,
Kapampangan,kapampangan,pam_19,pam_19_rs,kalikasan,kalikasan,217.2649,218.2149,a,vowel,217.6949,217.8149,OK,NA,
Kapampangan,kapampangan,pam_19,pam_19_rs,mitumba,mitumba,332.43940000000000,333.1694,i,vowel,332.49940000000000,332.5594,OK,NA,
Kapampangan,kapampangan,pam_19,pam_19_rs,iwasan,iwasan,340.1024,340.70240000000000,w,consonant,340.20240000000000,340.3024,OK,NA,
Kapampangan,kapampangan,pam_19,pam_19_rs,batu-batu,batubatu,341.2724,342.0424,a,vowel,341.6524,341.7124,OK,NA,
Kapampangan,kapampangan,pam_19,pam_19_rs,rin,rin,355.00240000000000,355.1824,r,consonant,355.00240000000000,355.0524,OK,NA,
Kapampangan,kapampangan,pam_19,pam_19_rs,ehersisyung,ehersiʃuŋ,384.3229,385.1829,e,vowel,384.3829,384.4429,OK,NA,
Kapampangan,kapampangan,pam_19,pam_19_rs,yeng,jeŋ,447.1693,447.5393,e,vowel,447.2193,447.4093,OK,NA,
Kapampangan,kapampangan,pam_19,pam_19_rs,mag-dala,maɡdala,449.3394,449.9094,l,consonant,449.6994,449.7694,OK,NA,
Kapampangan,kapampangan,pam_19,pam_19_rs,benepisyu,benepiʃu,509.4033,510.0633,b,consonant,509.4033,509.4533,OK,NA,
Kapampangan,kapampangan,pam_19,pam_19_rs,da,da,524.5433,524.6433000000000,d,consonant,524.5433,524.5933,OK,NA,
Kapampangan,kapampangan,pam_19,pam_19_ss,bisang,bisaŋ,32.475,33.065,b,consonant,32.475,32.545,OK,NA,
Kapampangan,kapampangan,pam_19,pam_19_ss,megka,meɡka,99.7509,100.1409,e,vowel,99.9009,99.9709,OK,NA,
Kapampangan,kapampangan,pam_19,pam_19_ss,mewalang,mewalaŋ,159.85900000000000,160.559,e,vowel,159.959,160.099,OK,NA,
Kapampangan,kapampangan,pam_2,pam_2_rs,ing,iŋ,63.7233,63.8533,i,vowel,63.7233,63.7933,OK,NA,
Kapampangan,kapampangan,pam_2,pam_2_rs,katawan,katawan,63.8533,64.4533,t,consonant,63.9633,64.05330000000000,OK,NA,
Kapampangan,kapampangan,pam_2,pam_2_rs,katawan,katawan,63.8533,64.4533,a,vowel,64.05330000000000,64.1333,OK,NA,
Kapampangan,kapampangan,pam_2,pam_2_rs,yu,ju,89.07980000000000,89.2298,u,vowel,89.1198,89.2298,OK,NA,
Kapampangan,kapampangan,pam_2,pam_2_rs,ing,iŋ,122.4733,122.7133,i,vowel,122.4733,122.5933,OK,NA,
Kapampangan,kapampangan,pam_2,pam_2_rs,isip,isip,172.7602,173.3002,s,consonant,172.8802,172.9902,OK,NA,
Kapampangan,kapampangan,pam_2,pam_2_rs,kayu,kaju,191.3402,191.7302,k,consonant,191.3402,191.4202,OK,NA,
Kapampangan,kapampangan,pam_2,pam_2_rs,keng,keŋ,194.6115,194.8115,k,consonant,194.6115,194.6615,OK,NA,
Kapampangan,kapampangan,pam_2,pam_2_rs,keng,keŋ,239.8727,240.1027,ŋ,consonant,239.9927,240.1027,OK,NA,
Kapampangan,kapampangan,pam_2,pam_2_rs,pagpunta,paɡpunta,263.9129,264.4629,a,vowel,263.9529,264.0229,OK,NA,
Kapampangan,kapampangan,pam_2,pam_2_rs,uukyatan,uʔukjatan,273.5829,274.2229,k,consonant,273.7929,273.8729,OK,NA,
Kapampangan,kapampangan,pam_2,pam_2_rs,pag-posisyun,paɡposiʃun,296.2177,296.9677,u,vowel,296.9077,296.9377,misaligned,NA,
Kapampangan,kapampangan,pam_2,pam_2_rs,bukud,bukud,338.7863,339.0763,u,vowel,338.8563,338.9063,OK,NA,
Kapampangan,kapampangan,pam_2,pam_2_rs,mandilu,mandilu,392.0687,392.6387,d,consonant,392.2887,392.3687,OK,NA,
Kapampangan,kapampangan,pam_2,pam_2_rs,mag-hiking,maɡhaɪkiŋ,454.0724,454.7424,h,consonant,454.2724,454.3424,misaligned,NA,
Kapampangan,kapampangan,pam_2,pam_2_ss,apagadala,apaɡadala,47.2775,48.0675,a,vowel,47.837500000000000,47.8775,OK,NA,
Kapampangan,kapampangan,pam_2,pam_2_ss,manaus,manaʊs,53.2875,53.8675,a,vowel,53.3475,53.4175,OK,NA,
Kapampangan,kapampangan,pam_2,pam_2_ss,na,na,116.1699,116.3799,a,vowel,116.1999,116.3799,OK,NA,
Kapampangan,kapampangan,pam_2,pam_2_ss,ayusan,ajusan,261.367,261.91700000000000,n,consonant,261.837,261.91700000000000,OK,NA,
Kapampangan,kapampangan,pam_2,pam_2_ss,piyabe-abe,pijabeabe,271.717,272.477,b,consonant,272.007,272.137,misaligned,NA,
Kapampangan,kapampangan,pam_20,pam_20_rs,ya,ja,69.1821,69.2621,j,consonant,69.1821,69.2221,OK,NA,
Kapampangan,kapampangan,pam_20,pam_20_rs,gagamit,ɡaɡamit,78.3933,78.9933,m,consonant,78.7433,78.8533,OK,NA,
Kapampangan,kapampangan,pam_20,pam_20_rs,mag-hiking,maɡhaɪkiŋ,79.8233,80.6033,k,consonant,80.2833,80.3433,OK,NA,
Kapampangan,kapampangan,pam_20,pam_20_rs,kayu,kaju,232.1185,232.3485,a,vowel,232.1585,232.1985,misaligned,NA,
Kapampangan,kapampangan,pam_20,pam_20_rs,yeng,jeŋ,234.1785,234.3385,j,consonant,234.1785,234.2185,OK,NA,
Kapampangan,kapampangan,pam_20,pam_20_rs,pag-hike,paɡhaɪk,251.6385,252.1985,aɪ,vowel,251.9985,252.1585,OK,NA,
Kapampangan,kapampangan,pam_20,pam_20_rs,ning,niŋ,261.7828,262.06280000000000,ŋ,consonant,261.9228,262.06280000000000,OK,NA,
Kapampangan,kapampangan,pam_20,pam_20_rs,kareng,kareŋ,286.1895,286.4995,k,consonant,286.1895,286.2395,OK,NA,
Kapampangan,kapampangan,pam_20,pam_20_rs,puwedi,pwedi,317.9382,318.1682,i,vowel,318.1182,318.1682,misaligned,NA,
Kapampangan,kapampangan,pam_20,pam_20_rs,lakaran,lakaran,341.8073,342.4873,a,vowel,341.9673,342.0273,OK,NA,
Kapampangan,kapampangan,pam_20,pam_20_rs,sagli,saɡli,385.2776,385.6576,l,consonant,385.5376,385.5776,OK,NA,
Kapampangan,kapampangan,pam_20,pam_20_ss,migigising,miɡiɡisiŋ,55.0241,55.5641,i,vowel,55.4941,55.5341,OK,NA,
Kapampangan,kapampangan,pam_20,pam_20_ss,pera,pera,96.3684,96.7484,p,consonant,96.3684,96.4184,OK,NA,
Kapampangan,kapampangan,pam_20,pam_20_ss,mo,mo,100.3584,100.5484,o,vowel,100.4484,100.5484,OK,NA,
Kapampangan,kapampangan,pam_20,pam_20_ss,kayung,kajuŋ,135.9255,136.15550000000000,ŋ,consonant,136.1055,136.15550000000000,OK,NA,
Kapampangan,kapampangan,pam_20,pam_20_ss,ku,ku,162.558,162.688,u,vowel,162.648,162.688,misaligned,NA,
Kapampangan,kapampangan,pam_20,pam_20_ss,ka,ka,198.0618,198.2318,a,vowel,198.1118,198.2318,misaligned,NA,
Kapampangan,kapampangan,pam_20,pam_20_ss,maragul,maraɡul,252.4077,252.8077,u,vowel,252.6877,252.7677,OK,NA,
Kapampangan,kapampangan,pam_20,pam_20_ss,aliwang,aliwaŋ,311.99380000000000,312.4138,l,consonant,312.0938,312.18380000000000,OK,NA,
Kapampangan,kapampangan,pam_20,pam_20_ss,e,e,322.6628,322.7828,e,vowel,322.6628,322.7828,misaligned,NA,
Kapampangan,kapampangan,pam_3,pam_3_rs,brasu,brasu,80.2131,80.6631,a,vowel,80.3731,80.48310000000000,OK,NA,
Kapampangan,kapampangan,pam_3,pam_3_rs,pang-hiking,paŋhaɪkiŋ,88.0824,88.7524,ŋ,consonant,88.2824,88.3424,OK,NA,
Kapampangan,kapampangan,pam_3,pam_3_rs,keng,keŋ,128.304,128.524,k,consonant,128.304,128.364,OK,NA,
Kapampangan,kapampangan,pam_3,pam_3_rs,kailangan,kaɪlaŋan,222.1648,222.7048,a,vowel,222.3448,222.4648,OK,NA,
Kapampangan,kapampangan,pam_3,pam_3_rs,bitis,bitis,226.2148,226.6148,b,consonant,226.2148,226.2648,OK,NA,
Kapampangan,kapampangan,pam_3,pam_3_rs,gamitan,ɡamitan,237.9348,238.4348,m,consonant,238.0548,238.1348,OK,NA,
Kapampangan,kapampangan,pam_3,pam_3_rs,pag-hike,paɡhaɪk,239.7748,240.3748,aɪ,vowel,240.0848,240.2648,misaligned,NA,
Kapampangan,kapampangan,pam_3,pam_3_rs,aldo,aldo,289.6343,290.0043,a,vowel,289.6343,289.6843,OK,NA,
Kapampangan,kapampangan,pam_3,pam_3_rs,pamilya,pamilja,307.1955,307.6955,a,vowel,307.5655,307.6955,OK,NA,
Kapampangan,kapampangan,pam_3,pam_3_rs,kayung,kajuŋ,312.8155,313.1155,a,vowel,312.8755,312.9155,OK,NA,
Kapampangan,kapampangan,pam_3,pam_3_rs,keng,keŋ,358.27370000000000,358.4637,e,vowel,358.3337,358.4237,OK,NA,
Kapampangan,kapampangan,pam_3,pam_3_rs,rin,rin,378.8522,379.1822,i,vowel,378.9522,379.0022,OK,NA,
Kapampangan,kapampangan,pam_3,pam_3_rs,awsan,awsan,394.383,394.943,w,consonant,394.453,394.513,OK,NA,
Kapampangan,kapampangan,pam_3,pam_3_ss,pangarap,panɡarap,13.97,14.46,ɡ,consonant,14.11,14.15,misaligned,NA,
Kapampangan,kapampangan,pam_3,pam_3_ss,mung,muŋ,28.6105,28.9705,ŋ,consonant,28.7605,28.9705,OK,NA,
Kapampangan,kapampangan,pam_3,pam_3_ss,dayamos,dajamos,163.1113,164.2113,s,consonant,163.7713,164.2113,misaligned,NA,
Kapampangan,kapampangan,pam_3,pam_3_ss,diba,diba,178.3928,178.7328,b,consonant,178.5128,178.5728,OK,NA,
Kapampangan,kapampangan,pam_3,pam_3_ss,aliwa,aliwa,200.2638,200.5238,a,vowel,200.2638,200.3238,OK,NA,
Kapampangan,kapampangan,pam_3,pam_3_ss,masaya,masaja,206.1138,206.5738,a,vowel,206.3138,206.3538,OK,NA,
Kapampangan,kapampangan,pam_3,pam_3_ss,pamilya,pamilja,224.908,225.368,j,consonant,225.178,225.228,OK,NA,
Kapampangan,kapampangan,pam_4,pam_4_rs,ning,niŋ,6.5237,6.6837,i,vowel,6.5737000000000000,6.6337,OK,NA,
Kapampangan,kapampangan,pam_4,pam_4_rs,mag-hiking,maɡhaɪkiŋ,46.8704,47.6104,h,consonant,47.0604,47.2004,OK,NA,
Kapampangan,kapampangan,pam_4,pam_4_rs,gagawan,ɡaɡawan,63.7604,64.2204,a,vowel,63.9204,63.9904,misaligned,NA,
Kapampangan,kapampangan,pam_4,pam_4_rs,makalako,makalako,123.5524,124.1524,m,consonant,123.5524,123.6424,misaligned,NA,
Kapampangan,kapampangan,pam_4,pam_4_rs,hiking,haɪkiŋ,143.33710000000000,143.8171,i,vowel,143.6671,143.7871,OK,NA,
Kapampangan,kapampangan,pam_4,pam_4_rs,mas,mas,164.7273,165.09730000000000,s,consonant,164.9273,165.09730000000000,OK,NA,
Kapampangan,kapampangan,pam_4,pam_4_rs,antindian,antindʒan,263.8633,264.8033,n,consonant,264.2033,264.2833,OK,NA,
Kapampangan,kapampangan,pam_4,pam_4_rs,ing,iŋ,274.3633,274.7033,ŋ,consonant,274.5133,274.7033,OK,NA,
Kapampangan,kapampangan,pam_4,pam_4_rs,mag-hiking,maɡhaɪkiŋ,292.0412,292.6012,i,vowel,292.5012,292.5612,OK,NA,
Kapampangan,kapampangan,pam_4,pam_4_rs,kayung,kajuŋ,295.88120000000000,296.1512,a,vowel,295.9212,295.9712,OK,NA,
Kapampangan,kapampangan,pam_4,pam_4_rs,karela,karela,307.2412,307.8312,a,vowel,307.2912,307.3512,OK,NA,
Kapampangan,kapampangan,pam_4,pam_4_rs,nung,nuŋ,320.46880000000000,320.66880000000000,n,consonant,320.46880000000000,320.54880000000000,OK,NA,
Kapampangan,kapampangan,pam_4,pam_4_rs,ma-batu,mabatu,325.47880000000000,325.85880000000000,m,consonant,325.47880000000000,325.52880000000000,OK,NA,
Kapampangan,kapampangan,pam_4,pam_4_rs,ala,alaʔ,338.9439,339.2139,a,vowel,339.0739,339.1739,OK,NA,
Kapampangan,kapampangan,pam_4,pam_4_rs,pamilya,pamilja,365.3839,365.8539,a,vowel,365.7639,365.8539,OK,NA,
Kapampangan,kapampangan,pam_4,pam_4_rs,ye,je,371.7716,371.8616,j,consonant,371.7716,371.8216,OK,NA,
Kapampangan,kapampangan,pam_4,pam_4_rs,siguradong,siɡuraduŋ,382.0916,382.7416,ɡ,consonant,382.2816,382.3516,OK,NA,
Kapampangan,kapampangan,pam_4,pam_4_ss,naman,naman,86.9593,87.35930000000000,n,consonant,87.2993,87.35930000000000,OK,NA,
Kapampangan,kapampangan,pam_4,pam_4_ss,gagawan,ɡaɡawan,103.3993,103.9693,a,vowel,103.8193,103.8793,OK,NA,
Kapampangan,kapampangan,pam_4,pam_4_ss,megising,meɡisiŋ,248.8059,249.4959,i,vowel,249.2759,249.4559,misaligned,NA,
Kapampangan,kapampangan,pam_5,pam_5_rs,pamatad-oras,pamatadoras,2.7,3.6,a,vowel,3.04,3.1,OK,NA,
Kapampangan,kapampangan,pam_5,pam_5_rs,keng,keŋ,69.4798,69.8298,e,vowel,69.5698,69.6998,OK,NA,
Kapampangan,kapampangan,pam_5,pam_5_rs,pipilitan,pipilitan,90.5326,91.1126,l,consonant,90.8126,90.8526,OK,NA,
Kapampangan,kapampangan,pam_5,pam_5_rs,kaibat,kaɪbat,143.83870000000000,144.2587,k,consonant,143.83870000000000,143.9087,OK,NA,
Kapampangan,kapampangan,pam_5,pam_5_rs,tahimik,tahimik,173.0566,173.42660000000000,i,vowel,173.20660000000000,173.23660000000000,misaligned,NA,
Kapampangan,kapampangan,pam_5,pam_5_rs,aliwa-aliwang,aliwaaliwaŋ,205.9149,206.7849,a,vowel,206.1049,206.2449,OK,NA,
Kapampangan,kapampangan,pam_5,pam_5_rs,siguradung,siɡuraduŋ,217.2549,217.8049,a,vowel,217.5449,217.6149,OK,NA,
Kapampangan,kapampangan,pam_5,pam_5_rs,atleta,atleta,220.1449,220.6149,t,consonant,220.4749,220.5449,OK,NA,
Kapampangan,kapampangan,pam_5,pam_5_rs,hiking,haɪkiŋ,227.5349,227.9349,aɪ,vowel,227.6249,227.7349,OK,NA,
Kapampangan,kapampangan,pam_5,pam_5_rs,ampong,ampoŋ,269.6799,270.05990000000000,a,vowel,269.6799,269.7899,OK,NA,
Kapampangan,kapampangan,pam_5,pam_5_rs,aksidente,aksidenti,367.0226,367.6726000000000,a,vowel,367.0226,367.1126,OK,NA,
Kapampangan,kapampangan,pam_5,pam_5_rs,agyu,aɡju,435.2249,435.5549,a,vowel,435.2249,435.2649,misaligned,NA,
Kapampangan,kapampangan,pam_5,pam_5_rs,mag-umpisang,maɡumpisaŋ,459.8455,460.4555,ɡ,consonant,459.9655,460.0155,OK,NA,
Kapampangan,kapampangan,pam_5,pam_5_rs,aldo,aldo,474.6555,474.9455,d,consonant,474.8255,474.8955,OK,NA,
Kapampangan,kapampangan,pam_5,pam_5_ss,ma,ma,86.8317,87.0617,m,consonant,86.8317,86.9317,OK,NA,
Kapampangan,kapampangan,pam_5,pam_5_ss,masanting,masantiŋ,87.7817,88.1817,i,vowel,88.10170000000000,88.1517,OK,NA,
Kapampangan,kapampangan,pam_5,pam_5_ss,kaya,kaja,109.9717,110.1817,j,consonant,110.0717,110.1217,OK,NA,
Kapampangan,kapampangan,pam_5,pam_5_ss,talaga,talaɡa,198.1825,198.4925,ɡ,consonant,198.4225,198.4525,OK,NA,
Kapampangan,kapampangan,pam_5,pam_5_ss,apin,apin,217.7925,218.1825,p,consonant,217.9625,218.0225,OK,NA,
Kapampangan,kapampangan,pam_5,pam_5_ss,ketang,ketaŋ,253.1353,253.3953,ŋ,consonant,253.3653,253.3953,misaligned,NA,
Kapampangan,kapampangan,pam_6,pam_6_rs,ing,iŋ,27,27.22,i,vowel,27,27.12,misaligned,NA,
Kapampangan,kapampangan,pam_6,pam_6_rs,ing,iŋ,110.0647,110.32470000000000,ŋ,consonant,110.2047,110.32470000000000,OK,NA,
Kapampangan,kapampangan,pam_6,pam_6_rs,makapag-relaks,makapaɡrelaks,136.62460000000000,137.5646,r,consonant,137.08460000000000,137.17460000000000,OK,NA,
Kapampangan,kapampangan,pam_6,pam_6_rs,bunduk,bunduk,162.68460000000000,163.0346,b,consonant,162.68460000000000,162.7246,OK,NA,
Kapampangan,kapampangan,pam_6,pam_6_rs,puwedi,pwedi,190.6888,191.0088,d,consonant,190.8388,190.9288,OK,NA,
Kapampangan,kapampangan,pam_6,pam_6_rs,mu,mu,191.3088,191.6788,u,vowel,191.5088,191.6788,OK,NA,
Kapampangan,kapampangan,pam_6,pam_6_rs,minutos,minutus,193.1165,193.7665,u,vowel,193.4065,193.4765,OK,NA,
Kapampangan,kapampangan,pam_6,pam_6_rs,bunduk,bunduk,195.4965,195.9465,n,consonant,195.5965,195.6965,OK,NA,
Kapampangan,kapampangan,pam_6,pam_6_rs,hiking,haɪkiŋ,215.7065,216.1465,i,vowel,215.9965,216.0665,OK,NA,
Kapampangan,kapampangan,pam_6,pam_6_rs,agyu,aɡju,274.3576,274.7076,a,vowel,274.3576,274.4276,OK,NA,
Kapampangan,kapampangan,pam_6,pam_6_rs,mag-dilidili,maɡdilidili,314.2797,315.2697,ɡ,consonant,314.4297,314.54970000000000,OK,NA,
Kapampangan,kapampangan,pam_6,pam_6_rs,puwedi,pwedi,323.7697,324.0297,i,vowel,323.9697,324.0297,OK,NA,
Kapampangan,kapampangan,pam_6,pam_6_rs,pag-hiking,paɡhaɪkiŋ,333.957,334.577,ɡ,consonant,334.057,334.117,OK,NA,
Kapampangan,kapampangan,pam_6,pam_6_rs,hiking,haɪkiŋ,366.3356,366.7856,aɪ,vowel,366.4056,366.5656,misaligned,NA,
Kapampangan,kapampangan,pam_6,pam_6_rs,ali,aliʔ,368.8156,369.1756,a,vowel,368.8156,368.9056,misaligned,NA,
Kapampangan,kapampangan,pam_6,pam_6_rs,libre,libri,370.9956,371.3956,l,consonant,370.9956,371.0356,misaligned,NA,
Kapampangan,kapampangan,pam_6,pam_6_ss,pangarap,panɡarap,12.52,12.98,ɡ,consonant,12.63,12.67,misaligned,NA,
Kapampangan,kapampangan,pam_6,pam_6_ss,tsaka,tsaka,73.4083,73.8083,a,vowel,73.6483,73.8083,OK,NA,
Kapampangan,kapampangan,pam_6,pam_6_ss,mipapamilya,mipapamilja,82.7783,83.7283,a,vowel,83.6983,83.7283,OK,NA,
Kapampangan,kapampangan,pam_6,pam_6_ss,kwanan,kwanan,211.9991,212.3391,n,consonant,212.1491,212.2291,OK,NA,
Kapampangan,kapampangan,pam_7,pam_7_rs,pinaka-mumunang,pinakamumunaŋ,16.3216,17.1816,k,consonant,16.5716,16.6116,OK,NA,
Kapampangan,kapampangan,pam_7,pam_7_rs,keni,keni,27.3981,27.6681,n,consonant,27.5581,27.5881,misaligned,NA,
Kapampangan,kapampangan,pam_7,pam_7_rs,koordinasyun,koordinasjun,67.1604,67.96040000000000,s,consonant,67.6204,67.7504,OK,NA,
Kapampangan,kapampangan,pam_7,pam_7_rs,kalikasan,kalikasan,150.7526,151.5126,a,vowel,151.0626,151.1926,OK,NA,
Kapampangan,kapampangan,pam_7,pam_7_rs,keng,keŋ,156.9026,157.0826,ŋ,consonant,157.0426,157.0826,misaligned,NA,
Kapampangan,kapampangan,pam_7,pam_7_rs,puwedi,pwedi,183.4618,183.7318,p,consonant,183.4618,183.5018,OK,NA,
Kapampangan,kapampangan,pam_7,pam_7_rs,o,o,186.7618,186.9318,o,vowel,186.7618,186.9318,OK,NA,
Kapampangan,kapampangan,pam_7,pam_7_rs,akit,akit,200.063,200.473,i,vowel,200.283,200.363,OK,NA,
Kapampangan,kapampangan,pam_7,pam_7_rs,madalas,madalas,204.483,204.883,s,consonant,204.783,204.883,OK,NA,
Kapampangan,kapampangan,pam_7,pam_7_rs,yu,ju,225.863,226.033,u,vowel,225.943,226.033,OK,NA,
Kapampangan,kapampangan,pam_7,pam_7_rs,alerto,alertu,250.3742,250.7842,u,vowel,250.7442,250.7842,OK,NA,
Kapampangan,kapampangan,pam_7,pam_7_rs,mag-ehersisyu,maɡehersiʃu,264.7115,265.5315,e,vowel,265.0015,265.0615,OK,NA,
Kapampangan,kapampangan,pam_7,pam_7_rs,yu,ju,272.1415,272.30150000000000,j,consonant,272.1415,272.2115,OK,NA,
Kapampangan,kapampangan,pam_7,pam_7_rs,keng,keŋ,283.6167,283.8167,e,vowel,283.6767,283.7367,OK,NA,
Kapampangan,kapampangan,pam_7,pam_7_rs,penibatan,penibatan,289.3367,289.9767,t,consonant,289.7867,289.8267,OK,NA,
Kapampangan,kapampangan,pam_7,pam_7_rs,mag-hiking,maɡhaɪkiŋ,300.6467,301.1467,ŋ,consonant,301.06670000000000,301.1467,OK,NA,
Kapampangan,kapampangan,pam_7,pam_7_rs,keni,keni,308.3367,308.8967,k,consonant,308.3367,308.4067,OK,NA,
Kapampangan,kapampangan,pam_7,pam_7_rs,map,map,351.7223,351.9723,a,vowel,351.76230000000000,351.89230000000000,OK,NA,
Kapampangan,kapampangan,pam_7,pam_7_ss,mu,mu,156.7622,156.8222,u,vowel,156.7922,156.8222,misaligned,NA,
Kapampangan,kapampangan,pam_7,pam_7_ss,masaya,masaja,237.3124,237.8824,a,vowel,237.5024,237.5624,OK,NA,
Kapampangan,kapampangan,pam_8,pam_8_rs,ing,iŋ,15.2767,15.4267,i,vowel,15.2767,15.3667,OK,NA,
Kapampangan,kapampangan,pam_8,pam_8_rs,yang,jaŋ,24.2767,24.6067,ŋ,consonant,24.4567,24.6067,OK,NA,
Kapampangan,kapampangan,pam_8,pam_8_rs,maka-sikan,makasikan,41.3185,42.1285,a,vowel,41.9485,42.0285,OK,NA,
Kapampangan,kapampangan,pam_8,pam_8_rs,ini,ini,44.688500000000000,45.1285,i,vowel,44.688500000000000,44.828500000000000,misaligned,NA,
Kapampangan,kapampangan,pam_8,pam_8_rs,madalas,madalas,50.3585,50.8085,m,consonant,50.3585,50.4085,OK,NA,
Kapampangan,kapampangan,pam_8,pam_8_rs,katawan,katawan,86.02580000000000,86.69580000000000,w,consonant,86.32580000000000,86.4858,OK,NA,
Kapampangan,kapampangan,pam_8,pam_8_rs,keni,keni,125.3654,125.8854,n,consonant,125.5954,125.7054,OK,NA,
Kapampangan,kapampangan,pam_8,pam_8_rs,dadala,dadala,155.06240000000000,155.6224,a,vowel,155.32240000000000,155.3624,OK,NA,
Kapampangan,kapampangan,pam_8,pam_8_rs,para,para,282.9675,283.22750000000000,a,vowel,283.15750000000000,283.22750000000000,OK,NA,
Kapampangan,kapampangan,pam_8,pam_8_rs,niyu,niju,283.9575,284.1375,i,vowel,284.0075,284.03750000000000,misaligned,NA,
Kapampangan,kapampangan,pam_8,pam_8_rs,maaksidenti,maaksidenti,312.5706,313.6506,k,consonant,312.73060000000000,312.79060000000000,OK,NA,
Kapampangan,kapampangan,pam_8,pam_8_rs,ehersisyu,ehersiʃu,325.7006,326.7706,ʃ,consonant,326.3306,326.55060000000000,OK,NA,
Kapampangan,kapampangan,pam_8,pam_8_rs,pamilya,pamilja,377.2861,377.8761,i,vowel,377.5261,377.5661,OK,NA,
Kapampangan,kapampangan,pam_8,pam_8_rs,kayung,kajuŋ,383.53,383.88,j,consonant,383.64,383.71,misaligned,NA,
Kapampangan,kapampangan,pam_8,pam_8_ss,mag-dilig,maɡdiliɡ,31.7885,32.5685,ɡ,consonant,32.4985,32.5685,OK,NA,
Kapampangan,kapampangan,pam_8,pam_8_ss,malilyari,maliljari,90.9838,91.8938,i,vowel,91.6738,91.8938,OK,NA,
Kapampangan,kapampangan,pam_8,pam_8_ss,potang,potaŋ,114.1838,114.6238,o,vowel,114.2238,114.3138,OK,NA,
Kapampangan,kapampangan,pam_8,pam_8_ss,dyampang,djampaŋ,156.34880000000000,156.8088,a,vowel,156.6988,156.7488,OK,NA,
Kapampangan,kapampangan,pam_8,pam_8_ss,siguru,siɡuru,177.2789,177.9289,ɡ,consonant,177.4289,177.4989,OK,NA,
Kapampangan,kapampangan,pam_8,pam_8_ss,makapangan,makapanɡan,237.2365,238.6465,m,consonant,237.2365,237.3465,OK,NA,
Kapampangan,kapampangan,pam_9,pam_9_rs,keni,keni,27.85,28.31,i,vowel,28.13,28.31,OK,NA,
Kapampangan,kapampangan,pam_9,pam_9_rs,malagad,malaɡad,28.7693,29.2293,m,consonant,28.7693,28.8093,OK,NA,
Kapampangan,kapampangan,pam_9,pam_9_rs,kayung,kajuŋ,29.2293,29.5293,k,consonant,29.2293,29.2993,OK,NA,
Kapampangan,kapampangan,pam_9,pam_9_rs,ya,ja,34.119300000000000,34.3893,a,vowel,34.2093,34.3893,OK,NA,
Kapampangan,kapampangan,pam_9,pam_9_rs,ampo,ampo,43.8393,44.1893,p,consonant,43.9593,44.0593,OK,NA,
Kapampangan,kapampangan,pam_9,pam_9_rs,ini,ini,66.7695,67.0595,i,vowel,66.7695,66.8495,OK,NA,
Kapampangan,kapampangan,pam_9,pam_9_rs,katawan,katawan,78.2195,78.6495,n,consonant,78.6095,78.6495,misaligned,NA,
Kapampangan,kapampangan,pam_9,pam_9_rs,tungkud,tuŋkud,87.0312,87.38120000000000,u,vowel,87.2312,87.3012,OK,NA,
Kapampangan,kapampangan,pam_9,pam_9_rs,gagawan,ɡaɡawan,96.3812,96.8712,a,vowel,96.5512,96.6612,OK,NA,
Kapampangan,kapampangan,pam_9,pam_9_rs,ing,iŋ,104.0712,104.2412,i,vowel,104.0712,104.2112,OK,NA,
Kapampangan,kapampangan,pam_9,pam_9_rs,potang,potaŋ,116.5564,116.8764,ŋ,consonant,116.8164,116.8764,OK,NA,
Kapampangan,kapampangan,pam_9,pam_9_rs,yu,ju,120.6264,120.8464,j,consonant,120.6264,120.7364,OK,NA,
Kapampangan,kapampangan,pam_9,pam_9_rs,kekayu,kekaju,156.7427,157.2727,e,vowel,156.8427,156.9227,OK,NA,
Kapampangan,kapampangan,pam_9,pam_9_rs,maka-kalma,makakalma,162.463,163.133,a,vowel,163.013,163.133,OK,NA,
Kapampangan,kapampangan,pam_9,pam_9_rs,pasyenti,paʃenti,187.4248,187.9748,i,vowel,187.8148,187.9748,OK,NA,
Kapampangan,kapampangan,pam_9,pam_9_rs,ating,atiŋ,192.8148,193.1148,ŋ,consonant,193.0548,193.1148,OK,NA,
Kapampangan,kapampangan,pam_9,pam_9_rs,ing,iŋ,253.6444,253.8344,ŋ,consonant,253.77440000000000,253.8344,OK,NA,
Kapampangan,kapampangan,pam_9,pam_9_rs,mag-hiking,maɡhaɪkiŋ,305.2892,306.0292,i,vowel,305.8992,305.93920000000000,OK,NA,
Kapampangan,kapampangan,pam_9,pam_9_rs,mag-hiking,maɡhaɪkiŋ,310.25920000000000,310.8592,ŋ,consonant,310.75920000000000,310.8592,misaligned,NA,
Kapampangan,kapampangan,pam_9,pam_9_rs,ing,iŋ,357.6349,357.8849,ŋ,consonant,357.7649,357.8849,OK,NA,